Unnamed: 0,player,position,team,points,sd_pts,dropoff,floor,ceiling,points_vor,floor_vor,ceiling_vor,rank,floor_rank,ceiling_rank,position_rank,tier,adp,aav,uncertainty
1,Bijan Robinson,RB,ATL,301.0,18.9,2.25,280.0,333.0,169.0,176.0,172.0,1,2.0,1.0,1,1,3.62,54.7,10.0
2,Saquon Barkley,RB,PHI,298.0,11.2,8.81,280.0,311.0,166.0,176.0,150.0,2,1.0,2.0,2,1,5.67,52.7,1.0
3,Jahmyr Gibbs,RB,DET,290.0,13.2,28.6,272.0,309.0,158.0,168.0,148.0,3,3.0,3.0,3,2,6.81,47.6,1.0
4,Ja'Marr Chase,WR,CIN,298.0,21.5,33.0,272.0,328.0,134.0,136.0,129.0,4,4.0,5.0,1,1,2.9,56.5,15.0
5,Derrick Henry,RB,BAL,261.0,24.0,0.24,222.0,299.0,129.0,117.0,138.0,5,7.0,4.0,4,2,13.8,46.7,30.0
6,Devon Achane,RB,MIA,261.0,13.4,2.34,234.0,274.0,129.0,129.0,113.0,6,5.0,10.0,5,3,16.1,35.8,3.0
7,Christian McCaffrey,RB,SF,258.0,21.2,8.64,231.0,288.0,126.0,127.0,127.0,7,6.0,6.0,6,3,12.2,50.5,18.0
8,Josh Jacobs,RB,GB,250.0,22.0,6.0,214.0,278.0,118.0,109.0,117.0,8,8.0,8.0,7,3,19.9,36.6,24.0
9,Ashton Jeanty,RB,LVR,244.0,22.4,6.86,203.0,271.0,112.0,98.4,110.0,9,9.0,11.0,8,4,11.7,67.4,27.0
10,Jonathan Taylor,RB,IND,237.0,30.8,1.29,198.0,282.0,105.0,93.8,121.0,10,13.0,7.0,9,4,18.4,45.3,63.0
11,Bucky Irving,RB,TB,236.0,24.6,1.37,195.0,264.0,104.0,90.3,102.0,11,14.0,14.0,10,4,36.3,23.3,35.0
12,Kyren Williams,RB,LAR,234.0,26.5,0.0827,190.0,265.0,102.0,85.4,104.0,12,20.0,13.0,11,4,21.7,36.5,45.0
13,Chase Brown,RB,CIN,234.0,25.1,16.0,201.0,266.0,102.0,96.6,104.0,13,11.0,12.0,12,5,41.0,25.2,39.0
14,Justin Jefferson,WR,MIN,265.0,26.0,9.92,233.0,312.0,101.0,97.4,113.0,14,10.0,9.0,2,1,6.79,54.9,35.0
15,CeeDee Lamb,WR,DAL,255.0,18.4,6.22,222.0,275.0,90.6,85.8,76.8,15,19.0,25.0,3,1,7.07,54.1,4.0
16,Brock Bowers,TE,LVR,206.0,10.6,9.17,194.0,222.0,89.1,96.0,81.9,16,12.0,21.0,1,1,37.6,24.8,3.0
17,Josh Allen,QB,BUF,362.0,21.5,1.19,329.0,387.0,88.6,71.1,90.4,17,29.0,17.0,1,1,18.1,36.2,9.0
18,Lamar Jackson,QB,BAL,360.0,19.7,16.8,334.0,390.0,87.4,76.0,92.8,18,23.0,16.0,2,2,18.6,32.4,6.0
19,James Cook,RB,BUF,218.0,26.5,3.84,177.0,249.0,86.2,72.8,88.0,19,27.0,18.0,13,5,33.4,22.3,51.0
20,Puka Nacua,WR,LAR,249.0,17.8,2.67,226.0,273.0,84.4,89.7,74.9,20,16.0,29.0,4,1,14.8,41.2,18.0
21,Alvin Kamara,RB,NO,214.0,23.7,1.06,180.0,243.0,82.3,75.8,81.8,21,24.0,22.0,14,5,42.8,24.1,37.0
22,Malik Nabers,WR,NYG,246.0,26.9,3.89,223.0,297.0,81.7,86.8,98.7,22,18.0,15.0,5,2,19.9,33.1,47.0
23,Breece Hall,RB,NYJ,213.0,20.5,5.05,192.0,246.0,81.3,87.4,84.5,23,17.0,19.0,15,5,32.4,32.6,25.0
24,Trey McBride,TE,ARI,196.0,7.2,6.72,188.0,206.0,79.9,90.0,66.1,24,15.0,32.0,2,1,36.6,24.2,1.0
25,Amon-Ra St. Brown,WR,DET,242.0,16.2,2.24,221.0,263.0,77.8,85.2,64.3,25,21.0,35.0,6,2,13.9,50.5,11.0
26,Kenneth Walker III,RB,SEA,208.0,21.0,3.1,177.0,238.0,76.2,72.3,76.9,26,28.0,24.0,16,5,41.2,21.8,17.0
27,Nico Collins,WR,HOU,240.0,16.4,2.28,219.0,263.0,75.6,83.1,64.4,27,22.0,34.0,7,2,18.9,37.5,7.0
28,Brian Thomas Jr.,WR,JAC,238.0,25.2,15.2,204.0,281.0,73.3,68.4,82.4,28,31.0,20.0,8,3,31.3,26.9,43.0
29,George Kittle,TE,SF,190.0,15.3,32.7,171.0,213.0,73.2,73.3,72.7,29,26.0,30.0,3,2,42.7,20.8,26.0
30,Chuba Hubbard,RB,CAR,205.0,30.0,2.32,153.0,237.0,73.1,48.3,76.1,30,44.0,26.0,17,6,57.9,20.5,65.0
31,James Conner,RB,ARI,203.0,19.4,2.77,178.0,231.0,70.8,73.4,69.4,31,25.0,31.0,18,6,50.9,20.1,13.0
32,Jayden Daniels,QB,WAS,344.0,20.1,5.27,322.0,374.0,70.6,63.4,77.2,32,34.0,23.0,3,2,35.0,22.0,11.0
33,Omarion Hampton,RB,LAC,200.0,30.3,7.66,151.0,237.0,68.0,46.9,75.3,33,45.0,28.0,19,6,41.4,44.1,73.0
34,Jalen Hurts,QB,PHI,338.0,9.93,12.8,326.0,353.0,65.4,68.2,56.2,34,32.0,36.0,4,3,30.0,26.0,1.0
35,D'Andre Swift,RB,CHI,192.0,25.2,8.57,162.0,237.0,60.4,57.9,75.5,35,37.0,27.0,20,7,63.3,15.6,52.0
36,Drake London,WR,ATL,222.0,15.0,1.69,205.0,247.0,58.1,69.1,48.7,36,30.0,40.0,9,3,24.6,32.6,3.0
37,A.J. Brown,WR,PHI,221.0,17.3,3.73,197.0,250.0,56.4,60.9,51.7,37,35.0,37.0,10,3,21.9,39.7,8.0
38,Tyreek Hill,WR,MIA,217.0,11.7,0.244,202.0,237.0,52.7,65.9,38.8,38,33.0,46.0,11,3,31.5,40.6,1.0
39,Joe Burrow,QB,CIN,326.0,18.0,24.1,300.0,346.0,52.5,42.0,49.4,39,51.0,38.0,5,4,31.7,22.2,3.0
40,Ladd McConkey,WR,LAC,217.0,17.5,7.91,196.0,246.0,52.4,60.0,47.7,40,36.0,41.0,12,3,43.9,21.4,19.0
41,TreVeyon Henderson,RB,NE,184.0,28.2,3.21,150.0,227.0,51.8,45.6,65.9,41,46.0,33.0,21,7,60.8,31.9,72.0
42,Aaron Jones,RB,MIN,181.0,13.9,0.136,157.0,201.0,48.6,53.0,39.3,42,41.0,45.0,22,7,67.6,15.9,8.0
43,David Montgomery,RB,DET,180.0,14.4,2.34,162.0,199.0,48.5,57.6,38.0,43,38.0,48.0,23,7,62.4,14.2,6.0
44,Tony Pollard,RB,TEN,178.0,11.7,4.16,156.0,190.0,46.1,51.2,28.5,44,42.0,55.0,24,7,79.6,12.1,4.0
45,Jaxon Smith-Njigba,WR,SEA,209.0,20.1,0.945,179.0,238.0,44.5,43.3,39.3,45,49.0,44.0,13,3,51.0,17.4,42.0
46,Tee Higgins,WR,CIN,208.0,20.4,0.805,172.0,231.0,43.6,36.6,32.0,46,56.0,52.0,14,3,38.8,23.2,32.0
47,Mike Evans,WR,TB,207.0,12.9,1.95,192.0,227.0,42.8,56.6,28.7,47,39.0,54.0,15,4,39.2,25.9,12.0
48,Joe Mixon,RB,HOU,174.0,28.6,2.25,130.0,210.0,42.0,26.1,49.2,48,62.0,39.0,25,7,64.5,17.0,92.0
49,Terry McLaurin,WR,WAS,205.0,15.7,0.109,190.0,232.0,40.8,54.0,33.9,49,40.0,51.0,16,4,50.0,18.1,31.0
50,Davante Adams,WR,LAR,205.0,22.1,6.92,181.0,239.0,40.7,45.6,40.1,50,47.0,43.0,17,4,39.2,29.4,40.0
51,Sam LaPorta,TE,DET,157.0,13.2,6.39,142.0,178.0,40.5,43.5,38.0,51,48.0,47.0,4,2,51.8,17.2,14.0
52,RJ Harvey,RB,DEN,172.0,29.3,4.5,126.0,204.0,39.7,21.5,42.7,52,71.0,42.0,26,7,70.2,23.7,77.0
53,Tyrone Tracy,RB,NYG,167.0,23.0,4.2,141.0,199.0,35.2,36.8,37.3,53,55.0,49.0,27,8,93.6,8.22,48.0
54,Mark Andrews,TE,BAL,151.0,11.8,3.93,135.0,167.0,34.1,37.3,27.3,54,54.0,56.0,5,2,72.2,10.2,20.0
55,Marvin Harrison Jr.,WR,ARI,198.0,15.8,3.04,173.0,219.0,33.8,37.5,20.6,55,53.0,62.0,18,4,39.4,27.0,28.0
56,Isiah Pacheco,RB,KC,163.0,22.8,7.79,128.0,190.0,31.0,23.6,29.0,56,68.0,53.0,28,8,75.3,13.0,34.0
57,Garrett Wilson,WR,NYJ,195.0,12.5,2.47,178.0,216.0,30.8,42.5,17.9,57,50.0,66.0,19,4,39.3,29.0,10.0
58,T.J. Hockenson,TE,MIN,147.0,9.17,0.647,133.0,158.0,30.1,35.1,18.1,58,57.0,65.0,6,2,72.4,10.1,6.0
59,Travis Kelce,TE,KC,146.0,15.4,9.58,121.0,163.0,29.5,22.8,23.0,59,69.0,59.0,7,3,65.1,17.2,34.0
60,Patrick Mahomes,QB,KC,302.0,14.5,4.18,283.0,320.0,28.5,24.5,22.9,60,64.0,60.0,6,4,42.6,21.8,14.0
61,DK Metcalf,WR,PIT,193.0,5.13,0.254,186.0,201.0,28.3,50.0,2.26,61,43.0,114.0,20,4,49.2,22.9,1.0
62,D.J. Moore,WR,CHI,192.0,17.5,2.92,167.0,219.0,28.0,30.7,20.1,62,60.0,64.0,21,4,54.0,18.8,33.0
63,Courtland Sutton,WR,DEN,189.0,13.7,3.5,177.0,215.0,25.1,41.2,16.9,63,52.0,67.0,22,5,67.0,15.0,24.0
64,Kyler Murray,QB,ARI,297.0,22.7,4.5,271.0,333.0,24.3,12.4,35.6,64,83.0,50.0,7,5,74.6,10.5,63.0
65,Brian Robinson,RB,WAS,155.0,21.6,2.01,121.0,182.0,23.2,16.2,20.3,65,78.0,63.0,29,8,86.0,8.86,28.0
66,Xavier Worthy,WR,KC,186.0,20.0,1.42,161.0,210.0,21.6,24.9,11.2,66,63.0,75.0,23,5,65.6,10.9,61.0
67,Kaleb Johnson,RB,PIT,153.0,26.0,0.857,121.0,186.0,21.2,17.1,24.4,67,76.0,58.0,30,8,74.9,26.8,59.0
68,Jaylen Warren,RB,PIT,152.0,16.4,16.5,134.0,178.0,20.3,30.0,16.6,68,61.0,69.0,31,9,101.0,6.16,15.0
69,DeVonta Smith,WR,PHI,185.0,11.8,1.27,170.0,205.0,20.2,34.5,6.35,69,59.0,90.0,24,5,58.3,16.9,21.0
70,David Njoku,TE,CLE,136.0,9.67,12.1,120.0,146.0,19.9,22.1,5.78,70,70.0,94.0,8,4,95.6,6.32,11.0
71,Baker Mayfield,QB,TB,293.0,13.2,4.21,275.0,308.0,19.8,17.2,11.0,71,75.0,76.0,8,5,64.7,11.2,20.0
72,Zay Flowers,WR,BAL,183.0,14.0,0.644,160.0,201.0,18.9,24.5,2.72,72,65.0,112.0,25,5,67.2,10.4,25.0
73,Calvin Ridley,WR,TEN,183.0,13.6,2.3,171.0,204.0,18.3,34.9,5.07,73,58.0,97.0,26,5,73.5,11.9,22.0
75,Brandon Aubrey,K,DAL,164.0,14.4,14.0,138.0,181.0,16.6,-0.122,22.7,75,131.0,61.0,1,1,112.0,4.18,32.0
76,Jameson Williams,WR,DET,180.0,16.2,2.58,160.0,206.0,16.0,24.4,7.99,76,66.0,84.0,27,5,73.9,9.12,38.0
77,Bo Nix,QB,DEN,289.0,18.8,6.43,261.0,314.0,15.6,3.32,16.7,77,105.0,68.0,9,5,75.1,11.3,31.0
79,Jerry Jeudy,WR,CLE,178.0,19.7,5.83,154.0,215.0,13.4,18.5,16.2,79,72.0,71.0,28,5,88.9,9.29,50.0
88,Brock Purdy,QB,SF,282.0,11.2,3.6,265.0,296.0,9.14,6.72,-0.828,87,97.0,137.0,10,6,91.4,6.48,37.0
92,Tucker Kraft,TE,GB,124.0,14.1,0.445,99.8,146.0,7.8,1.73,6.18,91,116.0,91.0,9,4,115.0,4.13,31.0
93,George Pickens,WR,DAL,172.0,13.3,0.272,154.0,190.0,7.57,17.7,-8.63,92,74.0,211.0,29,5,71.4,11.7,29.0
94,Evan Engram,TE,DEN,124.0,14.0,1.07,104.0,144.0,7.35,5.47,3.84,93,98.0,104.0,10,4,105.0,8.75,37.0
95,Rashee Rice,WR,KC,172.0,28.3,2.6,140.0,211.0,7.3,3.87,13.0,94,103.0,73.0,30,5,66.0,14.4,85.0
98,Tyler Warren,TE,IND,123.0,9.77,4.75,113.0,140.0,6.28,15.3,0.0,96,80.0,130.0,11,5,115.0,10.1,29.0
99,Justin Herbert,QB,LAC,279.0,15.0,0.984,260.0,301.0,5.54,1.53,4.01,97,118.0,102.0,11,6,110.0,8.03,51.0
102,Jakobi Meyers,WR,LVR,169.0,7.02,1.92,160.0,178.0,4.7,23.8,-20.5,100,67.0,348.0,31,6,103.0,7.54,6.0
103,Justin Fields,QB,NYJ,278.0,10.5,4.55,266.0,297.0,4.55,8.28,0.0,101,93.0,130.0,12,6,101.0,6.66,74.0
104,Austin Ekeler,RB,WAS,136.0,15.8,0.103,113.0,161.0,3.89,9.14,0.0,102,92.0,130.0,32,9,137.0,4.3,42.0
105,Javonte Williams,RB,DAL,136.0,21.8,2.32,95.0,159.0,3.79,-9.27,-2.69,103,216.0,155.0,33,9,114.0,7.85,66.0
108,Broncos,DST,DEN,97.0,9.93,0.946,87.2,113.0,3.51,5.19,6.46,105,99.0,89.0,1,1,112.0,2.46,3.0
110,Travis Hunter,WR,JAC,167.0,24.7,0.129,136.0,204.0,2.78,0.137,5.88,107,127.0,92.0,32,6,70.2,24.7,71.0
111,Travis Hunter,WR,JAC,167.0,24.7,0.129,136.0,204.0,2.78,0.137,5.88,107,127.0,92.0,32,6,70.2,24.7,89.0
113,Deebo Samuel,WR,WAS,167.0,21.9,0.959,132.0,202.0,2.65,-3.75,3.47,109,156.0,109.0,33,6,84.6,14.7,60.0
114,Kaimi Fairbairn,K,HOU,150.0,6.49,0.296,141.0,159.0,2.61,2.37,0.551,110,112.0,124.0,2,1,154.0,1.47,45.0
115,Texans,DST,HOU,96.1,10.5,2.57,79.7,108.0,2.57,-2.34,1.3,111,148.0,121.0,2,2,131.0,1.61,29.0
118,Cameron Dicker,K,LAC,150.0,10.6,0.0632,129.0,159.0,2.32,-9.36,0.694,113,220.0,123.0,3,1,135.0,2.68,16.0
119,Chase McLaughlin,K,TB,150.0,9.11,0.71,133.0,159.0,2.25,-5.73,0.491,114,173.0,125.0,4,1,148.0,2.23,29.0
121,Jauan Jennings,WR,SF,166.0,18.5,1.35,145.0,192.0,1.69,9.16,-6.44,116,91.0,188.0,34,6,107.0,8.81,54.0
123,Jake Bates,K,DET,149.0,4.03,0.794,145.0,156.0,1.54,6.76,-1.92,118,96.0,151.0,5,1,140.0,2.42,1.0
124,Dallas Goedert,TE,PHI,118.0,14.5,1.53,93.0,137.0,1.53,-5.03,-3.18,119,167.0,159.0,12,5,132.0,4.74,49.0
127,Travis Etienne,RB,JAC,133.0,22.9,1.46,105.0,168.0,1.46,0.232,7.01,121,125.0,88.0,34,9,98.7,16.2,55.0
130,Jake Elliott,K,PHI,148.0,4.26,0.364,140.0,153.0,0.749,1.83,-5.78,124,115.0,178.0,6,1,154.0,1.79,6.0
132,Matt Gay,K,WAS,148.0,6.95,0.384,142.0,160.0,0.384,3.98,1.89,126,101.0,118.0,7,1,157.0,1.4,68.0
133,Jaylen Waddle,WR,MIA,165.0,22.4,0.345,126.0,189.0,0.345,-9.84,-9.54,127,224.0,217.0,35,6,78.1,15.8,65.0
137,Jared Goff,QB,DET,273.0,21.0,1.5,248.0,301.0,0.0,-10.6,3.59,130,229.0,106.0,13,6,95.5,6.91,77.0
138,J.K. Dobbins,RB,DEN,132.0,18.6,1.2,104.0,159.0,0.0,0.00283,-2.65,130,129.0,154.0,35,9,110.0,8.12,61.0
139,Chris Olave,WR,NO,164.0,20.5,0.249,137.0,200.0,0.0,1.55,1.7,130,117.0,119.0,36,6,92.1,8.18,49.0
140,Jake Ferguson,TE,DAL,116.0,6.97,2.58,110.0,129.0,0.0,11.9,-10.5,130,84.0,225.0,13,5,135.0,4.37,9.0
141,Chris Boswell,K,PIT,147.0,4.59,0.544,142.0,153.0,0.0,3.98,-4.91,130,102.0,171.0,8,1,145.0,1.98,48.0
142,Ravens,DST,BAL,93.5,8.36,0.713,82.0,106.0,0.0,0.0,-0.702,130,130.0,134.0,3,3,116.0,2.07,10.0
147,Tetairoa McMillan,WR,CAR,164.0,28.7,1.16,117.0,208.0,-0.249,-18.5,9.83,132,324.0,80.0,37,6,71.1,28.6,86.0
149,Jason Sanders,K,MIA,147.0,9.96,0.473,134.0,162.0,-0.544,-4.24,3.59,134,162.0,107.0,9,1,141.0,1.54,74.0
150,Eagles,DST,PHI,92.8,10.6,3.65,78.4,104.0,-0.713,-3.61,-2.99,135,154.0,157.0,4,4,116.0,1.59,32.0
154,Harrison Butker,K,KC,146.0,5.52,0.371,138.0,154.0,-1.02,0.0,-4.25,138,130.0,167.0,10,1,158.0,2.53,19.0
156,Zach Charbonnet,RB,SEA,131.0,20.4,0.992,96.3,160.0,-1.2,-8.01,-0.886,140,202.0,140.0,36,9,123.0,4.61,31.0
160,Evan McPherson,K,CIN,146.0,7.04,0.883,140.0,158.0,-1.39,1.89,0.0,144,114.0,130.0,11,1,180.0,1.71,55.0
161,Chris Godwin,WR,TB,163.0,28.9,0.171,124.0,204.0,-1.41,-11.6,5.7,145,238.0,95.0,38,6,92.7,8.18,82.0
162,Caleb Williams,QB,CHI,272.0,17.8,8.7,258.0,307.0,-1.5,0.0,10.4,146,130.0,78.0,14,7,106.0,6.72,69.0
163,Rome Odunze,WR,CHI,163.0,23.4,5.01,136.0,193.0,-1.58,0.0,-5.3,147,130.0,173.0,39,6,91.6,7.29,62.0
167,Rhamondre Stevenson,RB,NE,130.0,24.9,6.99,95.5,166.0,-2.19,-8.81,4.72,151,210.0,100.0,37,10,109.0,6.75,62.0
170,Tyler Bass,K,BUF,145.0,9.91,1.26,130.0,160.0,-2.27,-8.69,1.39,153,208.0,120.0,12,1,160.0,1.56,71.0
176,Zach Ertz,TE,WAS,114.0,14.4,1.35,98.1,138.0,-2.58,0.0,-1.9,157,130.0,149.0,14,5,148.0,3.34,54.0
184,Younghoe Koo,K,ATL,144.0,9.23,0.318,133.0,156.0,-3.53,-4.99,-2.01,164,166.0,152.0,13,1,160.0,1.37,65.0
191,Wil Lutz,K,DEN,144.0,5.23,1.38,138.0,153.0,-3.85,0.0542,-5.68,170,128.0,176.0,14,1,168.0,1.87,42.0
192,Colston Loveland,TE,CHI,113.0,25.9,0.284,69.7,151.0,-3.93,-28.4,10.8,171,420.0,77.0,15,5,122.0,9.93,89.0
193,Kyle Pitts,TE,ATL,112.0,14.0,0.751,84.8,127.0,-4.21,-13.3,-12.6,173,253.0,254.0,16,5,124.0,6.47,43.0
195,Cowboys,DST,DAL,89.2,11.8,0.605,77.3,107.0,-4.36,-4.75,0.0,174,164.0,130.0,5,5,145.0,0.595,97.0
198,Jonnu Smith,TE,PIT,112.0,23.9,0.727,71.9,142.0,-4.96,-26.2,2.49,178,407.0,113.0,17,5,136.0,2.5,91.0
199,Vikings,DST,MIN,88.5,2.37,0.565,86.1,92.7,-4.96,4.12,-14.0,177,100.0,269.0,6,6,137.0,1.49,1.0
203,Tyler Loop,K,BAL,142.0,3.83,0.724,135.0,145.0,-5.22,-3.46,-13.7,181,151.0,262.0,15,2,187.0,1.66,61.0
204,Rams,DST,LAR,88.0,9.18,0.667,78.1,99.6,-5.53,-3.93,-6.99,183,158.0,194.0,7,6,162.0,0.595,39.0
208,Dalton Kincaid,TE,BUF,111.0,8.82,0.135,93.9,119.0,-5.69,-4.2,-20.7,186,161.0,356.0,18,5,137.0,3.86,17.0
212,Hunter Henry,TE,NE,111.0,14.4,6.95,84.3,129.0,-5.83,-13.8,-11.4,190,260.0,235.0,19,6,156.0,3.46,46.0
215,Daniel Carlson,K,LVR,142.0,4.93,0.114,134.0,146.0,-5.95,-4.53,-12.0,193,163.0,245.0,16,2,164.0,1.08,26.0
217,Will Reichard,K,MIN,141.0,9.84,0.149,129.0,153.0,-6.06,-9.08,-5.31,195,213.0,174.0,17,2,167.0,1.17,90.0
218,Bills,DST,BUF,87.3,9.58,2.6,69.3,95.0,-6.19,-12.7,-11.7,196,245.0,240.0,8,7,127.0,1.86,35.0
219,Brandon McManus,K,GB,141.0,10.4,2.24,125.0,155.0,-6.21,-12.9,-3.03,197,250.0,158.0,18,2,171.0,1.21,97.0
225,Jayden Reed,WR,GB,158.0,17.0,3.54,137.0,187.0,-6.59,1.27,-11.1,202,122.0,232.0,40,6,108.0,4.0,44.0
243,Joshua Karty,K,LAR,139.0,4.72,1.29,131.0,145.0,-8.45,-7.23,-13.1,216,200.0,256.0,19,2,185.0,0.983,3.0
248,Steelers,DST,PIT,84.7,7.6,0.678,75.7,94.7,-8.8,-6.37,-12.0,221,188.0,243.0,9,7,121.0,1.9,6.0
250,Tyjae Spears,RB,TEN,123.0,13.6,1.22,104.0,139.0,-9.18,0.0,-21.9,223,130.0,372.0,38,10,138.0,5.22,14.0
255,Seahawks,DST,SEA,84.0,7.0,0.0417,76.7,92.7,-9.47,-5.33,-14.0,228,172.0,270.0,10,8,140.0,1.07,26.0
259,49ers,DST,SF,84.0,10.9,0.191,67.4,95.7,-9.51,-14.6,-10.9,230,272.0,230.0,11,8,152.0,0.66,74.0
260,Packers,DST,GB,83.8,11.6,0.318,70.3,100.0,-9.71,-11.7,-6.3,231,239.0,186.0,12,8,156.0,0.81,81.0
261,Jake Moody,K,SF,138.0,6.46,2.58,132.0,149.0,-9.73,-6.81,-9.55,232,193.0,218.0,20,2,161.0,0.55,77.0
263,Chiefs,DST,KC,83.5,8.71,0.117,72.6,91.3,-10.0,-9.47,-15.3,234,221.0,280.0,13,8,144.0,0.93,61.0
264,Cooper Kupp,WR,SEA,154.0,22.2,0.0443,131.0,195.0,-10.1,-5.18,-3.23,236,170.0,160.0,41,6,94.3,15.0,68.0
265,Commanders,DST,WAS,83.4,13.6,0.719,64.9,98.4,-10.1,-17.1,-8.26,237,304.0,204.0,14,9,171.0,0.0,90.0
267,Dak Prescott,QB,DAL,263.0,14.3,5.12,244.0,285.0,-10.2,-14.2,-12.4,240,263.0,247.0,15,7,91.1,9.19,46.0
268,Stefon Diggs,WR,NE,154.0,16.0,0.71,130.0,181.0,-10.2,-6.03,-17.6,238,181.0,307.0,42,6,100.0,11.5,39.0
274,Najee Harris,RB,LAC,122.0,21.9,0.851,85.6,145.0,-10.4,-18.8,-16.4,244,326.0,297.0,39,10,121.0,5.69,58.0
279,Matthew Golden,WR,GB,154.0,25.2,0.351,122.0,195.0,-10.9,-14.3,-3.47,250,266.0,162.0,43,6,100.0,17.0,88.0
280,Lions,DST,DET,82.7,11.1,0.26,65.3,94.1,-10.9,-16.7,-12.5,249,297.0,252.0,15,9,146.0,1.58,45.0
281,Chargers,DST,LAC,82.4,9.23,0.385,73.1,94.9,-11.1,-8.97,-11.7,252,211.0,241.0,16,10,155.0,0.7,65.0
283,Quinshon Judkins,RB,CLE,121.0,42.0,1.69,70.0,186.0,-11.2,-34.3,24.8,254,463.0,57.0,40,10,116.0,13.2,99.0
284,Jordan Addison,WR,MIN,153.0,25.3,1.51,120.0,201.0,-11.2,-16.0,3.01,253,294.0,111.0,44,6,100.0,4.92,72.0
290,Giants,DST,NYG,82.0,15.1,1.4,66.3,103.0,-11.5,-15.7,-4.13,260,288.0,166.0,17,11,154.0,0.1,99.0
296,Cam Little,K,JAC,135.0,7.35,0.114,126.0,149.0,-12.3,-12.1,-9.17,264,243.0,215.0,21,2,169.0,1.76,52.0
298,Jason Myers,K,SEA,135.0,4.59,3.5,129.0,140.0,-12.4,-9.29,-18.1,266,218.0,320.0,22,3,150.0,0.6,13.0
302,Ricky Pearsall,WR,SF,152.0,21.8,3.56,122.0,192.0,-12.7,-13.4,-6.77,270,255.0,190.0,45,6,109.0,5.8,69.0
303,Isaiah Likely,TE,BAL,104.0,14.4,0.431,84.7,126.0,-12.8,-13.4,-13.6,271,254.0,261.0,20,6,151.0,2.95,60.0
305,Rachaad White,RB,TB,119.0,13.7,5.14,98.0,134.0,-12.9,-6.36,-27.7,275,187.0,428.0,41,10,120.0,9.04,20.0
306,Colts,DST,IND,80.6,5.29,1.37,73.9,86.7,-12.9,-8.1,-19.9,274,205.0,341.0,18,12,164.0,0.4,16.0
309,Cade Otton,TE,TB,103.0,13.2,1.15,85.5,121.0,-13.2,-12.6,-18.6,277,244.0,326.0,21,6,171.0,3.0,57.0
317,Bears,DST,CHI,79.2,9.6,0.292,67.7,91.3,-14.3,-14.4,-15.3,287,268.0,281.0,19,13,152.0,0.55,58.0
318,Brenton Strange,TE,JAC,102.0,11.4,1.15,89.7,119.0,-14.4,-8.41,-20.7,288,207.0,354.0,22,6,174.0,3.66,66.0
319,Bengals,DST,CIN,78.9,6.53,0.0693,72.0,88.8,-14.6,-10.1,-17.8,289,225.0,314.0,20,13,162.0,0.0,23.0
320,Browns,DST,CLE,78.9,10.3,0.0519,65.9,91.0,-14.6,-16.1,-15.6,291,295.0,286.0,21,13,169.0,0.0,84.0
321,Cardinals,DST,ARI,78.8,12.5,0.352,61.2,93.4,-14.7,-20.8,-13.3,292,344.0,259.0,22,13,170.0,0.55,87.0
323,Buccaneers,DST,TB,78.5,7.58,0.499,65.1,87.8,-15.0,-17.0,-18.8,300,302.0,329.0,23,14,162.0,0.6,19.0
324,C.J. Stroud,QB,HOU,258.0,16.9,2.05,231.0,282.0,-15.3,-27.0,-15.0,302,412.0,279.0,16,7,110.0,8.02,40.0
326,Darren Waller,TE,MIA,101.0,20.1,0.568,74.9,137.0,-15.5,-23.2,-3.37,308,377.0,161.0,23,6,174.0,8.85,94.0
327,Raiders,DST,LVR,78.0,10.1,0.0165,63.4,91.0,-15.5,-18.7,-15.7,309,325.0,288.0,24,14,170.0,0.0,52.0
328,Falcons,DST,ATL,78.0,7.49,0.244,68.4,91.3,-15.6,-13.7,-15.4,310,257.0,282.0,25,14,170.0,0.0,13.0
331,Jets,DST,NYJ,77.7,9.46,1.51,67.2,90.8,-15.8,-14.8,-15.8,315,277.0,292.0,26,15,173.0,0.3,68.0
332,Cairo Santos,K,CHI,132.0,5.04,0.584,124.0,138.0,-15.9,-14.5,-20.4,319,270.0,346.0,23,3,142.0,0.75,23.0
334,Dalton Schultz,TE,HOU,100.0,13.7,0.188,81.7,118.0,-16.1,-16.4,-22.2,321,296.0,375.0,24,6,192.0,2.8,63.0
336,Michael Pittman,WR,IND,148.0,11.6,0.806,132.0,168.0,-16.3,-3.6,-30.6,325,153.0,453.0,46,7,116.0,9.1,17.0
337,Chigoziem Okonkwo,TE,TEN,100.0,15.6,0.377,80.5,122.0,-16.3,-17.6,-18.3,324,309.0,321.0,25,6,185.0,1.89,74.0
338,Blake Grupe,K,NO,131.0,8.92,0.273,121.0,147.0,-16.5,-17.8,-10.9,330,312.0,229.0,24,3,170.0,0.0,58.0
340,Mike Gesicki,TE,CIN,99.8,7.34,0.0575,91.9,111.0,-16.6,-6.15,-29.2,335,183.0,441.0,26,6,176.0,4.5,23.0
342,Pat Freiermuth,TE,PIT,99.8,16.2,0.953,70.0,120.0,-16.7,-28.1,-20.4,337,418.0,347.0,27,6,161.0,2.0,71.0
343,Chad Ryland,K,ARI,131.0,11.6,0.973,116.0,150.0,-16.8,-22.7,-8.42,338,371.0,206.0,25,3,170.0,0.0,99.0
347,Khalil Shakir,WR,BUF,147.0,18.0,2.03,121.0,175.0,-17.1,-14.5,-23.2,342,271.0,386.0,47,7,115.0,5.84,46.0
349,Dolphins,DST,MIA,76.2,10.6,1.19,62.0,90.9,-17.3,-20.0,-15.8,345,338.0,290.0,27,16,170.0,0.0,77.0
350,J.J. McCarthy,QB,MIN,256.0,24.2,2.38,227.0,295.0,-17.4,-31.2,-1.83,346,447.0,148.0,17,7,124.0,6.57,83.0
352,Juwan Johnson,TE,NO,98.8,10.6,2.89,82.5,112.0,-17.6,-15.6,-27.9,348,287.0,429.0,28,6,207.0,1.6,40.0
354,Spencer Shrader,K,IND,130.0,10.5,6.32,116.0,145.0,-17.8,-22.7,-13.2,350,369.0,257.0,26,4,170.0,0.0,81.0
356,Jordan Mason,RB,MIN,114.0,19.2,1.56,76.9,131.0,-18.1,-27.4,-30.3,356,417.0,451.0,42,10,111.0,9.11,44.0
358,Saints,DST,NO,75.0,12.5,2.36,55.7,87.1,-18.5,-26.4,-19.6,364,408.0,335.0,28,17,168.0,0.0,48.0
363,Rashid Shaheed,WR,NO,145.0,9.5,2.75,130.0,159.0,-19.1,-5.77,-39.3,374,175.0,503.0,48,7,154.0,4.05,14.0
369,Cam Skattebo,RB,NYG,112.0,24.0,1.71,79.3,151.0,-19.6,-25.0,-9.89,382,395.0,222.0,43,10,107.0,11.9,69.0
371,Jordan Love,QB,GB,253.0,15.9,2.36,232.0,280.0,-19.8,-26.5,-16.6,386,410.0,299.0,18,7,111.0,7.12,49.0
372,Tyler Higbee,TE,LAR,95.9,17.8,5.7,73.3,122.0,-20.5,-24.8,-17.7,396,392.0,310.0,29,7,200.0,1.84,80.0
374,Jaguars,DST,JAC,72.7,11.8,0.0472,51.6,86.8,-20.9,-30.4,-19.8,403,440.0,340.0,29,17,170.0,0.0,71.0
375,Titans,DST,TEN,72.6,12.9,3.36,56.5,88.6,-20.9,-25.5,-18.1,406,401.0,319.0,30,18,170.0,0.0,55.0
376,Tank Bigsby,RB,JAC,111.0,21.3,0.587,83.5,141.0,-21.4,-20.8,-20.6,412,346.0,352.0,44,10,116.0,5.02,56.0
378,Jerome Ford,RB,CLE,110.0,24.2,12.5,83.7,150.0,-21.9,-20.6,-11.6,426,342.0,238.0,45,11,133.0,6.46,87.0
379,Josh Downs,WR,IND,142.0,20.5,0.723,127.0,182.0,-21.9,-8.98,-16.7,423,212.0,300.0,49,7,127.0,3.37,51.0
380,Drake Maye,QB,NE,251.0,17.5,0.614,228.0,269.0,-22.1,-29.9,-27.6,428,436.0,427.0,19,7,123.0,7.55,66.0
381,Darnell Mooney,WR,ATL,142.0,15.8,0.607,121.0,167.0,-22.6,-14.7,-31.3,435,273.0,456.0,50,7,137.0,3.3,36.0
382,Trevor Lawrence,QB,JAC,250.0,14.6,5.51,228.0,267.0,-22.7,-30.0,-29.8,436,437.0,446.0,20,8,132.0,6.07,26.0
385,Keon Coleman,WR,BUF,141.0,17.4,8.54,118.0,166.0,-23.2,-17.5,-32.6,447,308.0,466.0,51,7,122.0,4.5,56.0
387,Nick Folk,K,NYJ,123.0,7.61,1.87,115.0,135.0,-24.1,-23.3,-23.7,459,378.0,389.0,27,4,170.0,0.0,39.0
388,Panthers,DST,CAR,69.2,12.7,1.1,57.0,91.1,-24.3,-25.0,-15.5,462,396.0,284.0,31,19,169.0,0.0,42.0
392,Patriots,DST,NE,68.1,9.67,0.0,56.1,82.8,-25.4,-25.9,-23.9,485,405.0,394.0,32,19,163.0,0.9,94.0
394,Graham Gano,K,NYG,121.0,14.1,0.172,102.0,143.0,-26.0,-36.1,-14.9,493,471.0,278.0,28,4,170.0,0.0,84.0
396,Joey Slye,K,TEN,121.0,5.13,1.52,114.0,130.0,-26.1,-24.2,-28.4,497,391.0,435.0,29,4,170.0,0.0,10.0
397,Theo Johnson,TE,NYG,90.2,14.8,2.84,68.8,113.0,-26.2,-29.2,-26.7,498,431.0,420.0,30,7,183.0,1.82,69.0
398,Matthew Wright,K,CAR,120.0,8.52,0.949,109.0,133.0,-27.6,-29.0,-25.2,516,426.0,405.0,30,4,,,35.0
400,Matthew Stafford,QB,LAR,245.0,21.6,5.67,218.0,278.0,-28.2,-40.5,-19.1,525,493.0,331.0,21,8,147.0,4.45,57.0
401,Dustin Hopkins,K,CLE,119.0,14.3,0.224,97.9,138.0,-28.6,-40.5,-20.8,530,492.0,358.0,31,4,170.0,0.0,87.0
402,Andres Borregales,K,NE,119.0,15.9,30.9,91.7,136.0,-28.8,-46.6,-22.0,534,508.0,373.0,32,5,170.0,0.0,94.0
405,Robbie Ouzts,TE,SEA,87.4,,0.217,,,-29.1,,,538,,,31,7,,,99.0
406,Mason Taylor,TE,NYJ,87.2,20.0,1.34,54.4,116.0,-29.3,-43.6,-23.8,544,502.0,393.0,32,7,172.0,3.25,83.0
408,Taysom Hill,TE,NO,85.8,6.82,1.82,78.5,90.5,-30.6,-19.6,-49.4,558,334.0,537.0,33,7,154.0,1.39,51.0
414,Marvin Mims,WR,DEN,133.0,28.6,3.86,94.8,175.0,-31.8,-41.1,-23.7,583,495.0,391.0,52,7,144.0,2.58,79.0
417,Elijah Arroyo,TE,SEA,84.0,27.6,8.44,41.1,116.0,-32.5,-57.0,-24.4,591,534.0,399.0,34,8,176.0,3.67,97.0
420,Bryce Young,QB,CAR,239.0,16.0,0.0263,218.0,263.0,-33.9,-40.6,-34.0,603,494.0,474.0,22,8,145.0,4.5,34.0
421,Geno Smith,QB,LVR,239.0,15.8,0.472,216.0,258.0,-33.9,-41.8,-39.2,604,499.0,502.0,23,8,150.0,3.68,29.0
423,Tua Tagovailoa,QB,MIA,239.0,20.6,2.84,211.0,268.0,-34.4,-47.6,-28.9,608,512.0,440.0,24,8,135.0,5.05,43.0
424,Rico Dowdle,RB,CAR,97.5,17.2,2.69,75.4,129.0,-34.5,-29.0,-32.4,610,424.0,465.0,46,11,157.0,3.55,38.0
425,Rashod Bateman,WR,BAL,129.0,20.7,2.71,103.0,161.0,-35.6,-32.9,-37.9,625,452.0,493.0,53,8,155.0,4.17,53.0
428,Michael Penix Jr.,QB,ATL,236.0,12.5,4.97,223.0,258.0,-37.2,-34.7,-39.4,643,465.0,504.0,25,9,143.0,4.89,17.0
429,Ray Davis,RB,BUF,94.8,16.0,2.3,70.8,117.0,-37.2,-33.5,-44.3,642,454.0,523.0,47,11,143.0,2.6,21.0
430,Adam Thielen,WR,CAR,126.0,17.7,1.78,102.0,148.0,-38.3,-33.8,-50.2,652,456.0,542.0,54,8,163.0,2.28,67.0
431,Tyler Allgeier,RB,ATL,92.5,10.4,1.22,73.7,105.0,-39.5,-30.6,-56.0,662,441.0,565.0,48,11,158.0,6.35,7.0
432,Keenan Allen,WR,LAC,124.0,24.3,2.27,96.7,155.0,-40.1,-39.2,-43.2,670,486.0,518.0,55,8,131.0,4.13,94.0
433,Trey Benson,RB,ARI,91.3,16.9,0.171,64.5,114.0,-40.7,-39.9,-47.7,676,490.0,530.0,49,11,140.0,4.52,32.0
434,Jaydon Blue,RB,DAL,91.1,25.0,2.15,57.2,126.0,-40.9,-47.1,-35.7,679,510.0,481.0,50,12,138.0,6.46,89.0
435,Will Dissly,TE,LAC,75.6,19.0,2.48,48.1,100.0,-40.9,-50.0,-39.8,680,522.0,507.0,35,8,211.0,0.756,77.0
436,Sam Darnold,QB,SEA,231.0,18.0,2.45,205.0,255.0,-42.2,-53.0,-41.7,686,528.0,515.0,26,9,147.0,3.94,23.0
437,Amari Cooper,WR,FA,122.0,,3.31,,,-42.4,,,689,,,56,8,163.0,4.65,99.0
438,Isaac Guerendo,RB,SF,89.0,18.0,4.94,72.3,115.0,-43.0,-32.0,-46.2,692,450.0,526.0,51,12,147.0,3.52,49.0
439,Tyler Conklin,TE,LAC,73.1,22.6,1.28,49.7,112.0,-43.4,-48.4,-28.0,694,515.0,434.0,36,8,236.0,0.312,86.0
440,Aaron Rodgers,QB,PIT,228.0,23.4,6.93,209.0,273.0,-44.7,-49.1,-23.7,697,520.0,388.0,27,9,155.0,5.22,54.0
441,Emeka Egbuka,WR,TB,119.0,24.8,2.02,87.9,167.0,-45.7,-48.0,-31.5,705,514.0,459.0,57,8,116.0,21.4,83.0
442,Wan'Dale Robinson,WR,NYG,117.0,18.7,0.294,86.6,136.0,-47.7,-49.2,-62.9,719,521.0,575.0,58,8,178.0,2.0,76.0
443,Kareem Hunt,RB,KC,84.1,12.9,0.367,67.3,107.0,-47.9,-37.0,-54.0,722,477.0,559.0,52,12,153.0,3.02,46.0
444,Xavier Legette,WR,CAR,116.0,17.8,0.873,87.5,140.0,-48.0,-48.4,-58.2,723,516.0,567.0,59,8,163.0,1.6,64.0
445,Nick Chubb,RB,HOU,83.7,24.1,1.84,55.3,126.0,-48.3,-49.0,-35.7,725,519.0,480.0,53,12,147.0,6.14,90.0
446,Cedric Tillman,WR,CLE,116.0,11.9,2.03,98.0,130.0,-48.9,-37.9,-68.5,729,481.0,586.0,60,8,176.0,2.43,26.0
447,Zack Moss,RB,FA,81.9,5.37,1.34,78.2,85.6,-50.2,-26.1,-75.7,739,406.0,600.0,54,12,194.0,1.0,11.0
448,Marquise Brown,WR,KC,113.0,31.8,1.82,49.3,147.0,-50.9,-86.6,-51.4,743,630.0,545.0,61,8,157.0,3.44,78.0
449,Justice Hill,RB,BAL,80.5,19.6,0.127,44.0,106.0,-51.5,-60.3,-55.3,746,543.0,563.0,55,12,183.0,2.28,75.0
450,Cam Ward,QB,TEN,221.0,26.1,19.5,183.0,257.0,-51.6,-75.3,-40.1,747,588.0,509.0,28,10,148.0,32.5,60.0
451,Braelon Allen,RB,NYJ,80.4,13.8,0.163,59.7,102.0,-51.6,-44.6,-59.4,748,504.0,570.0,56,12,154.0,3.81,23.0
452,Bhayshul Tuten,RB,JAC,80.2,25.3,0.743,43.6,118.0,-51.8,-60.7,-42.9,749,544.0,517.0,57,12,150.0,6.11,93.0
453,Roschon Johnson,RB,CHI,79.5,18.0,0.846,62.5,112.0,-52.5,-41.8,-49.7,754,500.0,538.0,58,12,169.0,3.57,54.0
454,Christian Kirk,WR,HOU,112.0,20.3,1.71,90.8,143.0,-52.7,-45.1,-55.8,755,505.0,564.0,62,8,156.0,4.41,57.0
455,Jaylen Wright,RB,MIA,78.6,24.5,1.03,39.4,115.0,-53.4,-64.9,-46.7,759,549.0,527.0,59,12,166.0,2.66,70.0
456,Dylan Sampson,RB,CLE,77.6,33.1,8.15,19.9,113.0,-54.4,-84.4,-47.9,767,617.0,532.0,60,13,154.0,4.64,94.0
457,Romeo Doubs,WR,GB,110.0,21.5,0.146,85.4,138.0,-54.4,-50.4,-60.3,768,523.0,573.0,63,8,168.0,2.65,58.0
458,Jayden Higgins,WR,HOU,110.0,44.8,0.497,32.4,162.0,-54.6,-103.0,-36.9,769,737.0,484.0,64,8,135.0,14.0,97.0
459,Brandon Aiyuk,WR,SF,109.0,57.8,0.342,9.63,198.0,-55.1,-126.0,0.0,772,788.0,130.0,65,8,129.0,6.36,99.0
460,Demario Douglas,WR,NE,109.0,20.1,2.17,80.7,134.0,-55.4,-55.2,-64.1,775,531.0,577.0,66,9,170.0,3.93,75.0
461,Michael Wilson,WR,ARI,107.0,17.5,0.64,82.2,130.0,-57.6,-53.7,-68.2,787,529.0,584.0,67,9,198.0,1.21,74.0
462,Alec Pierce,WR,IND,106.0,33.0,1.16,62.6,148.0,-58.2,-73.2,-51.0,791,575.0,544.0,68,9,192.0,2.97,90.0
463,Quentin Johnston,WR,LAC,105.0,34.2,4.92,61.9,153.0,-59.4,-74.0,-45.9,797,579.0,525.0,69,9,163.0,2.6,92.0
464,MarShawn Lloyd,RB,GB,69.4,26.0,4.06,30.8,108.0,-62.6,-73.5,-53.5,815,576.0,555.0,61,13,182.0,1.21,83.0
465,Luther Burden,WR,CHI,100.0,27.0,0.29,59.8,146.0,-64.3,-76.1,-52.1,823,593.0,550.0,70,9,151.0,13.0,81.0
466,Tyler Lockett,WR,TEN,99.8,25.9,3.55,70.6,148.0,-64.6,-65.3,-50.0,825,550.0,540.0,71,9,191.0,3.12,93.0
467,Kendre Miller,RB,NO,65.4,23.6,0.127,45.8,112.0,-66.6,-58.5,-48.9,839,540.0,536.0,62,13,179.0,3.31,85.0
468,Ty Johnson,RB,BUF,65.3,19.1,0.439,46.4,92.6,-66.7,-57.9,-68.7,842,538.0,587.0,63,13,209.0,0.972,76.0
469,Miles Sanders,RB,DAL,64.8,13.2,1.34,46.6,80.8,-67.2,-57.7,-80.5,843,536.0,608.0,64,13,196.0,2.09,41.0
470,Jack Bech,WR,LVR,96.2,41.6,1.1,33.2,160.0,-68.2,-103.0,-38.7,852,730.0,498.0,72,9,168.0,5.31,96.0
471,Raheem Mostert,RB,LVR,63.5,22.5,1.19,34.3,104.0,-68.5,-70.0,-56.8,854,565.0,566.0,65,13,192.0,1.55,82.0
472,Gus Edwards,RB,FA,62.3,,4.11,,,-69.7,,,861,,,66,13,,,96.0
473,Anthony Richardson,QB,IND,202.0,67.4,17.5,103.0,277.0,-71.1,-155.0,-20.3,873,845.0,344.0,29,11,130.0,5.87,91.0
474,Samaje Perine,RB,CIN,58.2,32.0,0.133,32.3,119.0,-73.8,-72.0,-42.4,890,568.0,516.0,67,13,199.0,0.864,97.0
475,Blake Corum,RB,LAR,58.1,25.1,0.428,35.7,109.0,-74.0,-68.6,-52.6,891,560.0,552.0,68,13,192.0,1.18,79.0
476,Woody Marks,RB,HOU,57.6,35.5,0.123,6.74,106.0,-74.4,-97.6,-54.9,895,699.0,561.0,69,13,177.0,3.16,99.0
477,Audric Estime,RB,DEN,57.5,10.2,0.424,48.0,70.8,-74.5,-56.3,-90.5,899,533.0,629.0,70,13,,,68.0
478,Cordarrelle Patterson,RB,FA,57.1,,1.05,,,-74.9,,,901,,,71,13,,,80.0
479,Devin Singletary,RB,NYG,56.0,25.2,0.685,13.2,88.8,-76.0,-91.1,-72.4,907,655.0,593.0,72,13,198.0,1.3,86.0
480,Russell Wilson,QB,NYG,184.0,45.9,43.2,111.0,237.0,-88.7,-147.0,-60.1,1010,844.0,572.0,30,12,145.0,3.82,80.0
481,Tyler Shough,QB,NO,141.0,45.8,47.1,76.5,226.0,-132.0,-182.0,-70.8,1210,846.0,590.0,31,13,166.0,5.08,86.0
482,Joe Flacco,QB,CLE,94.1,33.5,5.8,41.1,145.0,-179.0,-217.0,-152.0,1300,847.0,797.0,32,14,186.0,2.72,71.0
483,Daniel Jones,QB,IND,88.3,56.1,14.6,0.38,154.0,-185.0,-258.0,-143.0,1300,863.0,776.0,33,15,178.0,3.78,89.0
484,Kirk Cousins,QB,ATL,73.7,96.0,2.15,0.0882,208.0,-199.0,-258.0,-89.4,1300,877.0,625.0,34,15,176.0,1.45,97.0
485,Spencer Rattler,QB,NO,71.5,79.9,5.0,-3.87,223.0,-202.0,-262.0,-73.5,1300,893.0,595.0,35,15,186.0,1.61,94.0
486,Deshaun Watson,QB,CLE,66.5,47.1,7.35,34.2,99.1,-207.0,-224.0,-198.0,1300,848.0,852.0,36,16,281.0,1.15,99.0
